,Name,Purpose
0,"Sandoval, Castillo and Franklin",Front-line object-oriented model for iterate wireless communities
1,Walker-Evans,Synergized object-oriented software for engage holistic niches
2,Mitchell and Sons,Business-focused content-based service-desk for empower bricks-and-clicks e-markets
3,Mcfarland-Schmidt,Optimized methodical hierarchy for utilize world-class paradigms
4,Bishop and Sons,Phased object-oriented hierarchy for orchestrate bricks-and-clicks networks
5,Gallagher LLC,Polarized content-based adapter for generate 24/365 web services
6,Griffin-Harris,Visionary 5thgeneration Local Area Network for aggregate transparent e-commerce
7,Kelly PLC,Decentralized actuating methodology for disintermediate 24/7 interfaces
8,"Winters, Garcia and Stephenson",Triple-buffered multi-tasking software for facilitate impactful systems
9,"Patel, Neal and Shields",Configurable empowering concept for strategize open-source content
10,Leonard-Velazquez,Function-based zero-defect ability for integrate extensible action-items
11,"Matthews, Aguilar and Cooke",Focused system-worthy moratorium for aggregate web-enabled solutions
12,"Roberts, Mckenzie and Martin",Stand-alone 24hour support for leverage granular users
13,Daniel-Torres,Open-architected systematic groupware for re-intermediate strategic networks
14,Valentine-Park,Seamless clear-thinking application for leverage vertical channels
15,Williams-Bennett,Stand-alone demand-driven product for matrix 24/365 systems
16,Booker Ltd,Open-source content-based alliance for aggregate magnetic deliverables
17,"Armstrong, Morgan and Allen",Inverse mission-critical solution for harness dot-com communities
18,Molina-Nelson,Customizable well-modulated matrices for evolve compelling functionalities
19,Anderson-Ortiz,User-centric 24hour capability for brand magnetic e-business
20,Kramer-Gonzalez,Up-sized systematic utilization for cultivate wireless methodologies
21,"Patterson, Adams and Hughes",Optional value-added knowledgebase for enhance rich experiences
22,Rocha-Jones,Realigned multi-state methodology for utilize user-centric e-markets
23,Mccoy-Burns,Triple-buffered high-level paradigm for deploy bleeding-edge methodologies
24,Hawkins Group,Extended transitional moratorium for architect efficient supply-chains
25,"Terry, Clements and Lawrence",User-centric hybrid forecast for harness transparent niches
26,Guzman LLC,Re-contextualized attitude-oriented archive for repurpose interactive communities
27,"Rojas, Cline and Underwood",Pre-emptive explicit methodology for scale cross-platform ROI
28,Glover and Sons,Optimized actuating customer loyalty for revolutionize visionary action-items
29,Anderson Ltd,Multi-channeled bottom-line neural-net for embrace magnetic portals
30,"Dixon, Blankenship and Castillo",Synchronized even-keeled standardization for deliver plug-and-play niches
31,"Willis, Mullins and Day",Open-source well-modulated capability for mesh e-business e-tailers
32,Vaughn PLC,Multi-tiered even-keeled moderator for transition turn-key web services
33,"Miller, Ellis and Harris",Profit-focused cohesive open architecture for harness turn-key web services
34,Parks-Ingram,Secured national array for benchmark mission-critical paradigms
35,Crawford PLC,Vision-oriented holistic firmware for engage B2C web services
36,"Morrow, Mccoy and Hudson",Public-key multi-tasking forecast for e-enable out-of-the-box e-services
37,"Howard, Mcgee and Warren",Fully-configurable intermediate portal for revolutionize virtual action-items
38,Harris Ltd,Persistent uniform system engine for incubate frictionless synergies
39,Johnson Inc,Sharable solution-oriented time-frame for exploit one-to-one e-services
40,Evans-Williams,Decentralized transitional focus group for revolutionize collaborative experiences
41,Johns and Sons,Organic static ability for streamline visionary e-services
42,"Grant, Griffith and Smith",Mandatory real-time algorithm for enable killer supply-chains
43,"Brown, Watson and Calderon",Business-focused mission-critical system engine for synergize value-added schemas
44,"Jackson, French and Morales",Triple-buffered holistic secured line for empower dot-com platforms
45,"Marshall, Moore and Perez",Public-key secondary product for transform customized technologies
46,"Clark, Garcia and Wells",Centralized real-time array for disintermediate granular content
47,Thompson and Sons,Quality-focused object-oriented architecture for leverage integrated e-business
48,Cline-Duncan,Open-architected stable help-desk for expedite open-source deliverables
49,"Butler, Brown and Mueller",Quality-focused bi-directional attitude for deploy integrated systems
